{"cameraMode":{"drawMode":0,"name":"Shaded","section":"Shading Mode"},"sceneLighting":true,"audioPlay":false,"sceneViewState":{"showFog":false,"showMaterialUpdate":false,"showSkybox":false,"showFlares":false,"showImageEffects":false,"showParticleSystems":false},"in2DMode":false,"pivot":{"x":34.14044952392578,"y":-77.99552154541016,"z":-57.76332092285156},"rotation":{"x":-0.00150733208283782,"y":-0.9889013171195984,"z":0.14825420081615449,"w":-0.009624777361750603},"size":295.15911865234377,"orthographic":false}